Channel,Impressions,Clicks,Signups,Demo Booked,Paid,Cost (₹),CTR,CVR,CAC (₹),ROAS
LinkedIn,8397,5323,514,123,114,5603.8,0.634,0.0214,49.16,3.02
Meta,3133,2357,240,37,31,1395.43,0.752,0.0132,45.01,3.03
YouTube,4036,2590,220,34,72,3537.79,0.642,0.0278,49.14,2.94
YouTube,1975,1267,137,26,25,1130.27,0.642,0.0197,45.21,3.03
YouTube,9290,6067,705,164,121,6194.54,0.653,0.0199,51.19,3.08
YouTube,3225,2134,235,48,41,2158.35,0.662,0.0192,52.64,3.19
Google Ads,7621,4595,455,69,88,4312.14,0.603,0.0192,49.0,3.11
Meta,8508,5994,522,108,102,5392.05,0.705,0.017,52.86,3.24
Meta,5304,3797,354,57,53,2518.18,0.716,0.014,47.51,3.02
LinkedIn,9219,5786,549,85,124,5736.4,0.628,0.0214,46.26,3.06
Meta,8004,5613,589,124,106,5251.21,0.701,0.0189,49.54,3.21
LinkedIn,4707,2817,319,49,68,3351.91,0.598,0.0241,49.29,3.18
Google Ads,4157,2667,240,38,65,2917.44,0.642,0.0244,44.88,2.81
LinkedIn,8243,5214,489,89,93,4547.92,0.633,0.0178,48.9,3.12
YouTube,8856,5539,599,92,123,6216.98,0.625,0.0222,50.54,3.2
Meta,4424,2947,277,50,58,2777.18,0.666,0.0197,47.88,3.08
Google Ads,3117,1895,201,31,19,921.87,0.608,0.01,48.52,3.12
Google Ads,2136,1316,128,28,23,1129.95,0.616,0.0175,49.13,3.12
Meta,8613,6171,603,103,98,5163.14,0.716,0.0159,52.69,3.22
YouTube,9004,5859,688,134,103,5167.88,0.651,0.0176,50.17,2.93
Google Ads,6766,4324,473,79,102,4898.65,0.639,0.0236,48.03,2.92
Meta,7931,5658,548,99,107,5454.07,0.713,0.0189,50.97,3.17
LinkedIn,1545,855,90,16,23,1070.78,0.553,0.0269,46.56,3.0
Meta,8939,6334,517,86,105,5181.06,0.709,0.0166,49.34,3.27
Google Ads,6016,3802,447,91,82,3898.89,0.632,0.0216,47.55,2.84
Meta,1743,1196,137,24,29,1427.28,0.686,0.0242,49.22,3.06
Meta,3675,2487,292,52,54,2722.14,0.677,0.0217,50.41,3.08
Google Ads,8940,5709,660,164,108,4985.19,0.639,0.0189,46.16,3.03
LinkedIn,7880,4985,412,83,89,4300.95,0.633,0.0179,48.33,3.14
Meta,9034,6356,715,119,125,6285.79,0.704,0.0197,50.29,2.94
Google Ads,1466,1013,111,17,16,651.88,0.691,0.0158,40.74,2.9
LinkedIn,6325,4059,355,78,86,4129.21,0.642,0.0212,48.01,2.98
LinkedIn,5525,3367,322,58,81,3799.59,0.609,0.0241,46.91,2.84
LinkedIn,4879,3434,320,74,55,2580.72,0.704,0.016,46.92,2.85
Google Ads,5555,3361,301,63,64,3077.94,0.605,0.019,48.09,2.79
LinkedIn,1859,1090,104,19,22,1044.02,0.586,0.0202,47.46,2.97
Meta,6335,4453,509,80,103,5186.71,0.703,0.0231,50.36,3.25
Meta,2699,1876,201,40,39,1890.59,0.695,0.0208,48.48,3.22
Meta,5610,3844,399,75,57,2783.16,0.685,0.0148,48.83,3.25
Google Ads,7216,4400,516,85,116,5280.64,0.61,0.0264,45.52,2.81
Google Ads,1001,487,39,7,3,300.99,0.487,0.0062,100.33,3.04
YouTube,9779,5849,624,142,122,6307.68,0.598,0.0209,51.7,3.24
Meta,2563,1937,188,28,22,1224.21,0.756,0.0114,55.65,2.96
Meta,5993,4168,462,92,70,3659.93,0.695,0.0168,52.28,3.05
Meta,1520,1219,126,31,30,1357.54,0.802,0.0246,45.25,3.32
Meta,1836,1320,119,21,38,1975.72,0.719,0.0288,51.99,3.22
Meta,2001,1267,113,24,16,817.53,0.633,0.0126,51.1,3.11
Meta,2823,2156,187,44,27,1330.63,0.764,0.0125,49.28,3.07
Meta,3304,2373,249,38,42,2216.07,0.718,0.0177,52.76,3.19
Meta,6821,4680,551,117,82,4216.82,0.686,0.0175,51.42,3.34
YouTube,6863,4418,396,85,96,4796.84,0.644,0.0217,49.97,3.24
Google Ads,8360,5285,427,75,112,5372.94,0.632,0.0212,47.97,3.04
Meta,4193,2873,317,77,70,3484.21,0.685,0.0244,49.77,3.14
Google Ads,4526,2807,252,45,55,2692.85,0.62,0.0196,48.96,2.83
YouTube,3199,1746,154,26,34,1590.19,0.546,0.0195,46.77,2.91
Google Ads,1967,1192,101,17,36,1498.02,0.606,0.0302,41.61,2.99
Meta,6984,4810,502,110,90,4565.93,0.689,0.0187,50.73,2.98
LinkedIn,6857,4454,363,67,94,4326.07,0.65,0.0211,46.02,2.86
Meta,7749,5467,446,79,98,5214.55,0.706,0.0179,53.21,3.02
Google Ads,4743,2893,265,40,55,2644.22,0.61,0.019,48.08,2.94
LinkedIn,7635,4899,496,116,74,3335.56,0.642,0.0151,45.08,3.18
LinkedIn,5865,3683,404,99,64,2954.44,0.628,0.0174,46.16,3.22
Google Ads,1972,1263,143,22,26,1035.68,0.64,0.0206,39.83,3.17
Meta,5752,3921,437,92,79,4229.23,0.682,0.0201,53.53,3.08
YouTube,7649,4926,452,75,102,5109.75,0.644,0.0207,50.1,2.86
Google Ads,8995,5650,609,146,116,5591.66,0.628,0.0205,48.2,2.98
Google Ads,4288,2686,253,62,48,2137.4,0.626,0.0179,44.53,2.93
LinkedIn,5109,3281,316,70,63,2806.48,0.642,0.0192,44.55,3.01
Meta,2808,1873,171,41,41,2131.13,0.667,0.0219,51.98,2.95
YouTube,5869,3704,394,60,87,4501.91,0.631,0.0235,51.75,3.17
Google Ads,8646,5475,467,90,103,4919.45,0.633,0.0188,47.76,2.88
LinkedIn,2493,1661,171,28,28,1350.66,0.666,0.0169,48.24,3.0
Meta,5989,4360,396,70,68,3302.52,0.728,0.0156,48.57,2.95
Meta,2719,1874,209,43,20,1032.32,0.689,0.0107,51.62,3.27
Meta,5558,3857,311,73,51,2557.91,0.694,0.0132,50.16,2.95
YouTube,1607,902,73,13,20,1104.43,0.561,0.0222,55.22,3.03
Google Ads,6027,3773,417,73,80,3727.82,0.626,0.0212,46.6,3.16
Google Ads,9899,6210,666,166,122,5766.2,0.627,0.0196,47.26,3.12
Google Ads,2662,1544,145,26,38,1760.75,0.58,0.0246,46.34,2.84
YouTube,9298,6084,646,120,141,7094.27,0.654,0.0232,50.31,2.96
Google Ads,3871,2329,248,43,39,1967.25,0.602,0.0167,50.44,3.16
Meta,8005,5690,465,78,98,5030.26,0.711,0.0172,51.33,3.31
LinkedIn,9952,6380,547,84,128,6090.49,0.641,0.0201,47.58,3.05
Meta,4077,2897,278,55,49,2520.64,0.711,0.0169,51.44,3.33
Google Ads,1467,814,68,13,30,1260.08,0.555,0.0369,42.0,2.8
LinkedIn,1095,664,59,10,13,637.66,0.606,0.0196,49.05,3.0
LinkedIn,3319,2145,250,42,34,1627.35,0.646,0.0159,47.86,2.91
LinkedIn,4765,2989,320,55,58,2554.8,0.627,0.0194,44.05,3.11
Meta,3338,2193,228,46,44,2437.05,0.657,0.0201,55.39,2.97
YouTube,5150,3035,327,66,60,3005.36,0.589,0.0198,50.09,3.0
Meta,4294,3080,351,57,53,2733.61,0.717,0.0172,51.58,3.04
LinkedIn,2057,1254,149,35,5,71.25,0.61,0.004,14.25,2.98
YouTube,7532,4816,519,100,113,5560.86,0.639,0.0235,49.21,3.0
Google Ads,6391,4093,379,64,62,2774.42,0.64,0.0151,44.75,3.08
LinkedIn,6266,3953,349,69,80,3689.46,0.631,0.0202,46.12,3.19
YouTube,5774,3660,360,75,69,3288.14,0.634,0.0189,47.65,3.02
YouTube,8180,4976,576,87,80,3920.39,0.608,0.0161,49.0,2.85
LinkedIn,8517,5457,597,136,89,4368.55,0.641,0.0163,49.08,3.15
Google Ads,4813,2964,346,76,65,3099.19,0.616,0.0219,47.68,3.18
YouTube,9076,5664,633,107,133,6462.51,0.624,0.0235,48.59,3.2
Google Ads,4833,3143,256,44,63,2797.98,0.65,0.02,44.41,2.96
LinkedIn,9319,5899,496,100,125,6055.39,0.633,0.0212,48.44,2.97
LinkedIn,3836,2533,299,71,51,2598.05,0.66,0.0201,50.94,3.14
YouTube,6063,3875,399,93,68,3405.9,0.639,0.0175,50.09,2.92
Meta,3734,2783,281,43,49,2670.86,0.745,0.0176,54.51,3.22
Google Ads,2059,1385,110,25,32,1657.62,0.673,0.0231,51.8,2.99
Google Ads,6074,3730,366,85,62,3003.79,0.614,0.0166,48.45,2.85
Meta,3348,2625,268,61,50,2457.1,0.784,0.019,49.14,3.02
Google Ads,2273,1346,143,24,21,1107.83,0.592,0.0156,52.75,3.04
Meta,5781,4013,383,77,63,3222.28,0.694,0.0157,51.15,3.29
Meta,7643,5358,485,86,96,4829.9,0.701,0.0179,50.31,3.16
Meta,1425,980,96,23,22,1147.98,0.688,0.0224,52.18,3.05
Google Ads,4800,2969,344,82,53,2550.45,0.619,0.0179,48.12,3.01
LinkedIn,3968,2561,243,50,47,2144.6,0.645,0.0184,45.63,3.18
Meta,8380,5816,666,143,100,5055.64,0.694,0.0172,50.56,3.22
Meta,7133,5017,435,101,98,5085.28,0.703,0.0195,51.89,3.04
LinkedIn,4284,2768,277,62,53,2323.96,0.646,0.0191,43.85,3.0
LinkedIn,4667,3042,349,81,58,2632.15,0.652,0.0191,45.38,3.18
YouTube,3147,2071,233,41,39,1760.85,0.658,0.0188,45.15,3.13
LinkedIn,5021,3196,359,55,52,2436.98,0.637,0.0163,46.87,3.02
Google Ads,8937,5452,510,93,115,5500.35,0.61,0.0211,47.83,2.88
Meta,2114,1761,164,27,42,2318.12,0.833,0.0239,55.19,3.01
Meta,5165,3502,354,57,71,3769.99,0.678,0.0203,53.1,3.33
Google Ads,4823,3024,301,47,55,2628.97,0.627,0.0182,47.8,3.16
YouTube,6236,4009,416,73,74,3565.78,0.643,0.0185,48.19,3.07
YouTube,7571,4685,430,94,103,5138.75,0.619,0.022,49.89,3.11
LinkedIn,9236,5918,702,120,124,6050.41,0.641,0.021,48.79,3.17
YouTube,9409,5909,473,105,135,6574.5,0.628,0.0228,48.7,2.99
LinkedIn,7236,4424,433,70,84,3888.8,0.611,0.019,46.3,3.07
LinkedIn,2714,1640,157,29,53,2563.85,0.604,0.0323,48.37,3.04
LinkedIn,8965,5608,512,112,96,4498.62,0.626,0.0171,46.86,3.03
LinkedIn,3640,2381,223,43,38,1922.65,0.654,0.016,50.6,3.13
LinkedIn,9205,5741,620,119,122,5652.98,0.624,0.0213,46.34,3.12
Google Ads,6884,4193,361,57,64,3061.21,0.609,0.0153,47.83,2.9
Google Ads,5410,3400,357,77,67,3300.34,0.628,0.0197,49.26,2.87
Google Ads,3125,2037,193,29,42,2145.74,0.652,0.0206,51.09,2.86
LinkedIn,6158,4043,347,85,58,2785.4,0.657,0.0143,48.02,3.1
Meta,2951,1939,180,37,19,1035.37,0.657,0.0098,54.49,3.14
YouTube,6089,3664,317,70,67,3232.08,0.602,0.0183,48.24,2.94
YouTube,6225,3857,447,74,106,5110.54,0.62,0.0275,48.21,3.13
Google Ads,3606,2117,248,54,33,1733.53,0.587,0.0156,52.53,3.12
LinkedIn,2885,1797,204,32,58,2919.3,0.623,0.0323,50.33,3.02
Google Ads,7500,4777,546,83,108,5253.84,0.637,0.0226,48.65,2.96
LinkedIn,9015,5648,506,124,134,6227.89,0.627,0.0237,46.48,2.93
Google Ads,8913,5432,495,80,117,5573.85,0.609,0.0215,47.64,2.84
Meta,8343,5808,635,107,114,5676.27,0.696,0.0196,49.79,3.18
YouTube,1744,1109,127,21,21,1113.74,0.636,0.0189,53.04,3.0
YouTube,9461,5906,699,156,126,6409.36,0.624,0.0213,50.87,3.22
Google Ads,3554,2148,245,55,42,1867.6,0.604,0.0196,44.47,3.16
YouTube,2719,1737,207,51,36,1655.51,0.639,0.0207,45.99,2.94
YouTube,3623,2280,198,36,49,2543.01,0.629,0.0215,51.9,2.93
Meta,5159,3697,312,62,58,3108.5,0.717,0.0157,53.59,2.95
YouTube,7054,4406,477,111,114,5832.78,0.625,0.0259,51.16,3.01
Google Ads,5398,3460,286,48,81,3744.58,0.641,0.0234,46.23,2.8
Google Ads,3838,2387,256,47,39,1925.09,0.622,0.0163,49.36,3.1
LinkedIn,3990,2542,272,67,48,2328.43,0.637,0.0189,48.51,2.98
Meta,7677,5432,473,111,105,5518.83,0.708,0.0193,52.56,3.11
YouTube,4557,3009,359,87,59,2948.24,0.66,0.0196,49.97,2.97
LinkedIn,2397,1451,149,28,20,808.6,0.605,0.0138,40.43,3.08
YouTube,5801,3610,348,74,82,4106.35,0.622,0.0227,50.08,2.98
Meta,1507,1140,131,27,23,1203.07,0.756,0.0202,52.31,2.95
YouTube,4607,2850,234,51,57,2819.69,0.619,0.02,49.47,3.14
Google Ads,2317,1336,111,16,22,907.45,0.577,0.0165,41.25,3.09
YouTube,5538,3405,363,73,74,3647.5,0.615,0.0217,49.29,2.9
LinkedIn,3556,2354,247,55,47,2252.07,0.662,0.02,47.92,2.93
Google Ads,9898,6340,616,133,108,4944.38,0.641,0.017,45.78,2.98
Meta,7393,5145,530,93,81,4289.83,0.696,0.0157,52.96,3.29
YouTube,6000,3766,418,88,80,4034.27,0.628,0.0212,50.43,2.87
LinkedIn,2992,1918,209,46,38,1901.31,0.641,0.0198,50.03,3.14
LinkedIn,1932,1391,144,33,33,1681.91,0.72,0.0237,50.97,3.09
Google Ads,7612,4826,499,77,100,4824.5,0.634,0.0207,48.24,2.81
Meta,8877,6277,528,96,111,5625.28,0.707,0.0177,50.68,3.12
Meta,4858,3565,384,68,54,2709.08,0.734,0.0151,50.17,3.31
LinkedIn,2962,1891,213,52,47,2354.01,0.638,0.0249,50.09,3.02
LinkedIn,2362,1506,131,26,17,664.01,0.638,0.0113,39.06,3.08
Google Ads,3298,2094,203,37,41,1903.86,0.635,0.0196,46.44,2.92
LinkedIn,6526,4094,456,91,78,3535.88,0.627,0.0191,45.33,2.88
Meta,1420,1054,126,30,13,563.85,0.742,0.0123,43.37,3.33
LinkedIn,6748,4222,348,57,81,3765.91,0.626,0.0192,46.49,3.14
Google Ads,8692,5522,635,102,94,4277.99,0.635,0.017,45.51,2.84
Meta,4598,3338,399,75,67,3552.54,0.726,0.0201,53.02,3.08
Google Ads,6031,3774,330,69,81,3641.09,0.626,0.0215,44.95,3.1
YouTube,3182,2076,210,48,49,2428.67,0.652,0.0236,49.56,2.93
Meta,6066,4370,446,102,72,3660.66,0.72,0.0165,50.84,3.3
Meta,3732,2614,264,62,41,2227.78,0.7,0.0157,54.34,3.12
YouTube,2992,1640,156,26,46,2336.13,0.548,0.028,50.79,3.12
Meta,5027,3526,358,74,56,2837.08,0.701,0.0159,50.66,3.1
Meta,5277,3498,307,68,46,2255.13,0.663,0.0132,49.02,2.98
YouTube,8358,5254,457,99,110,5579.65,0.629,0.0209,50.72,2.98
Google Ads,2023,1421,140,32,38,1937.74,0.702,0.0267,50.99,3.02
Google Ads,2625,1815,165,25,29,1558.56,0.691,0.016,53.74,2.97
LinkedIn,1485,891,96,14,3,33.61,0.6,0.0034,11.2,3.18
Meta,6325,4629,482,93,83,4279.61,0.732,0.0179,51.56,3.14
Meta,7767,5316,453,97,84,4146.97,0.684,0.0158,49.37,2.94
LinkedIn,8932,5556,467,112,114,5224.67,0.622,0.0205,45.83,2.9
LinkedIn,8288,5207,454,83,105,5107.09,0.628,0.0202,48.64,3.09
YouTube,9998,6298,729,135,120,5875.65,0.63,0.0191,48.96,3.16
LinkedIn,4845,3247,274,51,70,3490.51,0.67,0.0216,49.86,3.18
LinkedIn,8161,5150,439,96,91,4341.47,0.631,0.0177,47.71,3.22
YouTube,9483,5843,481,105,134,6901.79,0.616,0.0229,51.51,3.09
YouTube,2865,1758,192,39,49,2265.68,0.614,0.0279,46.24,3.0
LinkedIn,5842,3729,378,80,67,3081.94,0.638,0.018,46.0,3.22
YouTube,7675,4825,518,125,105,5153.81,0.629,0.0218,49.08,2.87
Google Ads,5326,3288,355,54,69,3265.25,0.617,0.021,47.32,2.93
YouTube,3330,1929,185,31,58,2741.03,0.579,0.0301,47.26,3.22
Meta,1585,984,110,23,17,749.39,0.621,0.0173,44.08,2.98
Google Ads,5290,3406,288,50,85,3840.06,0.644,0.025,45.18,3.0
YouTube,4584,2940,292,70,65,3395.5,0.641,0.0221,52.24,2.97
LinkedIn,3746,2470,286,60,46,2364.16,0.659,0.0186,51.39,3.06
YouTube,3827,2462,265,43,36,1687.98,0.643,0.0146,46.89,2.87
YouTube,3422,2116,195,42,51,2719.73,0.618,0.0241,53.33,2.95
Google Ads,6656,4333,359,75,88,3965.01,0.651,0.0203,45.06,3.11
Meta,7411,5219,427,100,81,4095.36,0.704,0.0155,50.56,3.18
LinkedIn,7073,4365,499,95,87,4178.31,0.617,0.0199,48.03,2.87
LinkedIn,5468,3459,359,87,57,2587.78,0.633,0.0165,45.4,2.9
YouTube,1269,736,65,16,1,196.38,0.58,0.0014,196.38,3.13
LinkedIn,6649,4235,494,122,94,4430.55,0.637,0.0222,47.13,2.89
YouTube,2135,1251,124,20,32,1579.68,0.586,0.0256,49.37,2.89
YouTube,3308,2001,225,54,43,2267.91,0.605,0.0215,52.74,2.91
YouTube,9968,6265,730,111,130,6402.02,0.629,0.0208,49.25,3.08
Meta,8595,6130,658,107,121,6146.6,0.713,0.0197,50.8,3.15
YouTube,3987,2586,220,41,68,3208.75,0.649,0.0263,47.19,2.93
YouTube,8970,5617,467,104,113,5664.86,0.626,0.0201,50.13,3.22
YouTube,8216,5262,551,113,99,4902.47,0.64,0.0188,49.52,3.08
Google Ads,2076,1342,157,36,19,945.48,0.646,0.0142,49.76,2.83
LinkedIn,4475,2831,239,52,65,3140.14,0.633,0.023,48.31,3.13
LinkedIn,9419,5810,491,106,113,5435.44,0.617,0.0194,48.1,3.13
YouTube,7288,4446,436,100,98,4736.73,0.61,0.022,48.33,3.06
Google Ads,5616,3570,315,47,62,2926.15,0.636,0.0174,47.2,2.9
Meta,7682,5549,465,103,84,4262.35,0.722,0.0151,50.74,3.15
YouTube,7432,4846,472,70,89,4286.26,0.652,0.0184,48.16,3.16
Google Ads,9242,5972,479,119,124,5838.64,0.646,0.0208,47.09,3.0
Meta,8570,6168,555,89,105,5183.34,0.72,0.017,49.37,2.98
Meta,9566,6723,707,118,110,5562.45,0.703,0.0164,50.57,3.23
YouTube,1323,841,94,18,18,969.18,0.636,0.0214,53.84,2.95
LinkedIn,9676,6221,517,123,116,5551.04,0.643,0.0186,47.85,2.89
YouTube,3394,2191,240,43,50,2358.7,0.646,0.0228,47.17,3.03
Meta,7466,5179,452,73,89,4598.66,0.694,0.0172,51.67,2.99
Google Ads,3941,2403,194,35,36,1582.42,0.61,0.015,43.96,2.9
YouTube,1659,1006,85,18,16,780.41,0.606,0.0159,48.78,3.15
YouTube,3981,2575,298,56,42,2089.54,0.647,0.0163,49.75,2.89
LinkedIn,2833,2075,241,37,47,2219.99,0.732,0.0227,47.23,3.12
LinkedIn,9541,5987,711,133,129,5949.34,0.628,0.0215,46.12,3.09
YouTube,9915,6115,513,84,112,5549.47,0.617,0.0183,49.55,3.02
Google Ads,6426,4147,480,110,83,3843.91,0.645,0.02,46.31,3.12
Meta,2416,1647,186,33,26,1393.55,0.682,0.0158,53.6,3.23
LinkedIn,8593,5519,637,100,99,4579.08,0.642,0.0179,46.25,2.93
Meta,7396,5355,637,159,92,4729.66,0.724,0.0172,51.41,3.15
LinkedIn,5765,3567,313,74,70,3271.33,0.619,0.0196,46.73,2.9
Meta,8301,5842,578,128,105,5528.02,0.704,0.018,52.65,3.14
LinkedIn,9768,6223,543,122,122,5727.85,0.637,0.0196,46.95,3.07
LinkedIn,2213,1341,112,18,18,736.04,0.606,0.0134,40.89,3.21
YouTube,2373,1549,175,29,35,1653.17,0.653,0.0226,47.23,3.08
LinkedIn,1510,918,97,18,10,468.99,0.608,0.0109,46.9,2.93
YouTube,8625,5362,628,110,99,4922.42,0.622,0.0185,49.72,2.95
Google Ads,2284,1435,155,37,19,826.77,0.628,0.0132,43.51,3.14
Meta,2362,1653,178,33,26,1380.9,0.7,0.0157,53.11,3.12
LinkedIn,4410,2729,268,63,54,2435.14,0.619,0.0198,45.1,3.04
YouTube,2580,1568,161,34,46,2113.02,0.608,0.0293,45.94,2.9
Google Ads,6814,4294,506,93,98,4766.18,0.63,0.0228,48.63,3.11
Meta,9937,6773,640,108,123,6379.43,0.682,0.0182,51.87,3.02
YouTube,4354,2687,280,51,59,2971.76,0.617,0.022,50.37,2.91
YouTube,9012,5777,588,98,117,5986.99,0.641,0.0203,51.17,3.09
Google Ads,1301,600,49,9,34,1422.72,0.461,0.0567,41.84,2.97
Google Ads,3049,1627,180,30,23,1219.04,0.534,0.0141,53.0,3.05
Meta,8706,6251,519,119,98,5082.79,0.718,0.0157,51.87,3.12
LinkedIn,8859,5743,545,121,125,6051.49,0.648,0.0218,48.41,3.08
YouTube,6856,4229,435,97,89,4276.09,0.617,0.021,48.05,3.24
LinkedIn,3870,2444,282,67,41,1832.49,0.632,0.0168,44.69,3.04
LinkedIn,6015,3913,453,78,70,3205.24,0.651,0.0179,45.79,2.92
Meta,9889,6772,744,124,115,5773.54,0.685,0.017,50.2,3.17
YouTube,6586,4066,445,108,82,4039.58,0.617,0.0202,49.26,2.86
YouTube,9175,5762,510,109,109,5619.76,0.628,0.0189,51.56,2.85
LinkedIn,1692,969,102,22,17,868.48,0.573,0.0175,51.09,2.98
Meta,2874,2070,240,52,27,1198.72,0.72,0.013,44.4,3.25
Google Ads,3332,2006,240,47,56,2537.7,0.602,0.0279,45.32,2.92
Google Ads,4600,2963,324,60,70,3117.59,0.644,0.0236,44.54,2.94
LinkedIn,4792,3023,264,53,53,2641.29,0.631,0.0175,49.84,3.0
Google Ads,5545,3425,397,65,62,2952.6,0.618,0.0181,47.62,2.99
Google Ads,7312,4515,505,100,79,3638.42,0.617,0.0175,46.06,2.83
YouTube,7681,4845,573,104,108,5329.72,0.631,0.0223,49.35,3.18
Meta,9826,6883,647,142,129,6508.98,0.7,0.0187,50.46,3.22
LinkedIn,8816,5529,511,127,110,5130.72,0.627,0.0199,46.64,3.06
LinkedIn,6659,4225,434,88,56,2575.59,0.634,0.0133,45.99,2.84
LinkedIn,1320,891,74,14,18,960.68,0.675,0.0202,53.37,3.2
LinkedIn,2296,1317,121,25,28,1147.08,0.574,0.0213,40.97,2.97
Meta,6488,4595,495,82,79,4048.99,0.708,0.0172,51.25,3.33
LinkedIn,1495,1054,93,18,39,1693.33,0.705,0.037,43.42,2.92
LinkedIn,5144,3179,304,55,77,3806.64,0.618,0.0242,49.44,3.17
LinkedIn,5349,3250,337,79,64,3175.05,0.608,0.0197,49.61,3.08
LinkedIn,7792,4996,500,92,101,4927.58,0.641,0.0202,48.79,2.84
LinkedIn,6679,4226,350,75,91,4512.03,0.633,0.0215,49.58,3.05
LinkedIn,3362,2153,251,51,59,2758.21,0.64,0.0274,46.75,2.91
YouTube,8939,5445,485,106,94,4813.17,0.609,0.0173,51.2,3.14
Meta,4347,3165,289,44,75,3851.47,0.728,0.0237,51.35,3.07
LinkedIn,7883,4932,450,105,85,4055.59,0.626,0.0172,47.71,2.89
Google Ads,2384,1534,182,44,23,1106.64,0.643,0.015,48.11,2.85
YouTube,2607,1664,179,40,30,1574.56,0.638,0.018,52.49,3.15
LinkedIn,8722,5378,476,95,93,4497.95,0.617,0.0173,48.37,3.19
LinkedIn,3316,2035,177,30,46,2257.07,0.614,0.0226,49.07,3.13
LinkedIn,1491,1070,90,18,16,586.52,0.718,0.015,36.66,2.82
Google Ads,3980,2514,259,61,49,2239.82,0.632,0.0195,45.71,3.13
YouTube,5879,3563,352,87,88,4459.26,0.606,0.0247,50.67,2.91
Google Ads,3605,2228,216,43,36,1521.77,0.618,0.0162,42.27,2.84
Meta,7156,4982,517,117,66,3256.74,0.696,0.0132,49.34,3.24
Meta,7908,5813,598,93,117,6174.68,0.735,0.0201,52.78,3.1
Google Ads,8008,5111,585,105,106,4954.87,0.638,0.0207,46.74,3.09
LinkedIn,5201,3242,303,47,59,2959.28,0.623,0.0182,50.16,3.12
Google Ads,1580,893,98,17,25,979.64,0.565,0.028,39.19,2.96
Google Ads,8105,4982,449,70,97,4506.65,0.615,0.0195,46.46,3.11
Google Ads,5715,3613,377,72,71,3533.64,0.632,0.0197,49.77,3.17
YouTube,5513,3445,389,77,85,4216.87,0.625,0.0247,49.61,3.16
Meta,1639,1147,110,18,27,1511.35,0.7,0.0235,55.98,3.06
LinkedIn,8409,5372,486,73,118,5795.98,0.639,0.022,49.12,2.83
Meta,8697,6035,724,172,106,5586.98,0.694,0.0176,52.71,3.33
YouTube,5351,3307,298,51,79,3788.43,0.618,0.0239,47.95,3.22
LinkedIn,6363,3969,330,68,69,3248.57,0.624,0.0174,47.08,2.9
LinkedIn,8516,5343,496,78,91,4164.08,0.627,0.017,45.76,2.96
Google Ads,6213,3869,443,68,60,2881.91,0.623,0.0155,48.03,3.12
LinkedIn,6402,3974,344,65,64,3177.74,0.621,0.0161,49.65,3.09
Meta,3342,2397,223,34,49,2604.27,0.717,0.0204,53.15,3.25
YouTube,4471,2822,270,40,68,3266.87,0.631,0.0241,48.04,2.95
Meta,3366,2364,214,43,32,1602.85,0.702,0.0135,50.09,3.27
Google Ads,4877,3143,331,61,70,3301.59,0.644,0.0223,47.17,3.17
YouTube,5547,3557,383,92,76,3756.66,0.641,0.0214,49.43,2.91
Google Ads,9988,6154,557,121,126,5905.22,0.616,0.0205,46.87,3.07
Google Ads,5892,3845,412,63,76,3650.3,0.653,0.0198,48.03,2.91
LinkedIn,5304,3431,294,45,78,3584.55,0.647,0.0227,45.96,2.92
YouTube,3963,2380,200,34,46,2250.2,0.601,0.0193,48.92,2.89
Meta,6546,4678,559,122,76,3998.5,0.715,0.0162,52.61,3.14
Meta,5624,3864,462,80,73,3572.4,0.687,0.0189,48.94,3.07
YouTube,2496,1573,135,27,29,1278.82,0.63,0.0184,44.1,3.24
LinkedIn,9513,5814,628,153,122,5940.95,0.611,0.021,48.7,3.18
LinkedIn,7665,4952,434,80,99,4766.49,0.646,0.02,48.15,2.85
YouTube,6072,3799,346,80,79,3866.55,0.626,0.0208,48.94,3.03
Meta,8654,6029,708,168,102,5170.97,0.697,0.0169,50.7,3.14
YouTube,9467,5939,533,120,102,5060.87,0.627,0.0172,49.62,2.91
LinkedIn,7195,4590,515,105,105,4948.16,0.638,0.0229,47.13,3.08
Meta,9609,6779,624,142,106,5385.67,0.705,0.0156,50.81,3.12
LinkedIn,1500,888,95,20,19,778.65,0.592,0.0214,40.98,2.91
YouTube,8433,5258,588,138,97,5006.73,0.624,0.0184,51.62,2.88
YouTube,3163,2108,223,40,37,1860.34,0.666,0.0176,50.28,3.09
YouTube,5843,3832,327,66,79,3918.22,0.656,0.0206,49.6,2.85
Google Ads,9938,6308,738,162,136,6366.37,0.635,0.0216,46.81,3.18
Google Ads,5535,3439,347,81,63,2843.05,0.621,0.0183,45.13,2.98
Google Ads,2993,1791,165,36,36,1712.9,0.598,0.0201,47.58,2.92
Google Ads,3461,2236,254,54,50,2522.69,0.646,0.0224,50.45,2.8
LinkedIn,3333,2005,177,35,21,876.78,0.602,0.0105,41.75,3.09
YouTube,4913,3086,255,58,56,2873.56,0.628,0.0181,51.31,2.85
YouTube,5617,3434,385,77,72,3530.59,0.611,0.021,49.04,3.04
LinkedIn,9906,6222,589,132,130,6138.12,0.628,0.0209,47.22,2.96
Meta,8625,6249,580,138,110,5817.0,0.725,0.0176,52.88,3.22
Google Ads,9742,6154,727,137,120,5795.8,0.632,0.0195,48.3,3.04
Meta,1212,691,70,16,15,892.33,0.57,0.0217,59.49,3.12
YouTube,5156,3163,356,65,62,2918.31,0.613,0.0196,47.07,2.93
Meta,9982,7008,620,113,124,6197.28,0.702,0.0177,49.98,3.02
Google Ads,4555,2979,327,65,62,2960.86,0.654,0.0208,47.76,2.92
Google Ads,7242,4508,428,89,88,4176.03,0.622,0.0195,47.45,3.08
YouTube,1661,1089,127,29,17,1030.73,0.656,0.0156,60.63,3.12
Google Ads,6504,4080,345,79,68,3046.18,0.627,0.0167,44.8,3.16
Google Ads,9053,5733,495,83,112,5408.11,0.633,0.0195,48.29,3.08
LinkedIn,4463,2695,274,51,51,2518.99,0.604,0.0189,49.39,2.87
YouTube,4118,2665,306,60,47,2206.86,0.647,0.0176,46.95,3.08
Google Ads,5506,3452,390,87,53,2323.97,0.627,0.0154,43.85,3.15
YouTube,7075,4410,393,72,102,5037.59,0.623,0.0231,49.39,2.98
LinkedIn,6226,4109,413,101,76,3570.22,0.66,0.0185,46.98,3.01
Google Ads,2443,1555,136,20,35,1601.6,0.637,0.0225,45.76,3.04
Google Ads,4322,2656,254,56,67,3252.34,0.615,0.0252,48.54,2.87
Meta,2091,1451,165,28,12,511.02,0.694,0.0083,42.59,3.12
Meta,8535,6014,621,107,103,5272.18,0.705,0.0171,51.19,3.28
LinkedIn,4444,2719,252,45,55,2587.2,0.612,0.0202,47.04,2.98
Meta,2021,1351,155,29,26,1275.67,0.668,0.0192,49.06,3.28
LinkedIn,5811,3769,426,84,88,4254.02,0.649,0.0233,48.34,2.91
LinkedIn,4334,2828,229,46,72,3436.59,0.653,0.0255,47.73,3.11
LinkedIn,3618,2303,235,56,55,2753.01,0.637,0.0239,50.05,3.06
Meta,6026,4200,414,76,82,4264.1,0.697,0.0195,52.0,3.01
LinkedIn,3004,1719,186,33,41,1985.14,0.572,0.0239,48.42,3.2
Google Ads,9104,5711,473,101,115,5560.33,0.627,0.0201,48.35,2.92
Meta,9614,6796,686,105,112,5667.7,0.707,0.0165,50.6,3.12
YouTube,4903,3133,283,47,56,2614.75,0.639,0.0179,46.69,3.17
YouTube,9585,5964,592,96,127,6329.5,0.622,0.0213,49.84,2.98
LinkedIn,9035,5756,627,102,109,5020.17,0.637,0.0189,46.06,2.95
LinkedIn,7315,4689,562,133,72,3515.55,0.641,0.0154,48.83,3.16
LinkedIn,2292,1489,133,28,45,2233.57,0.65,0.0302,49.63,3.19
LinkedIn,4597,2907,296,51,63,2977.34,0.632,0.0217,47.26,2.86
Meta,6276,4421,509,115,57,2846.49,0.704,0.0129,49.94,2.97
Google Ads,1294,848,96,23,20,766.38,0.655,0.0236,38.32,3.05
Google Ads,9716,6000,666,126,137,6593.58,0.618,0.0228,48.13,3.15
YouTube,6964,4436,364,90,104,5193.89,0.637,0.0234,49.94,2.99
Meta,7781,5557,610,119,82,4165.51,0.714,0.0148,50.8,3.13
LinkedIn,8783,5600,577,122,116,5353.34,0.638,0.0207,46.15,2.95
Meta,3707,2559,224,46,47,2431.99,0.69,0.0184,51.74,3.18
Meta,6286,4420,441,92,86,4589.43,0.703,0.0195,53.37,3.05
YouTube,3247,1870,197,34,41,1959.57,0.576,0.0219,47.79,3.0
Google Ads,9543,5969,703,155,112,5321.79,0.625,0.0188,47.52,2.92
Google Ads,5607,3410,287,51,75,3643.64,0.608,0.022,48.58,2.84
Meta,5710,4058,409,64,60,2908.89,0.711,0.0148,48.48,3.25
YouTube,8109,5095,609,137,105,5090.62,0.628,0.0206,48.48,2.97
YouTube,7302,4497,430,101,85,4424.53,0.616,0.0189,52.05,2.88
LinkedIn,1826,1245,133,28,37,1846.69,0.682,0.0297,49.91,3.16
YouTube,6117,4027,427,105,89,4502.24,0.658,0.0221,50.59,3.18
Meta,3375,2591,256,47,48,2412.26,0.768,0.0185,50.26,3.14
Meta,3737,2601,307,67,43,2197.96,0.696,0.0165,51.12,3.23
Google Ads,2510,1640,148,32,46,2117.46,0.653,0.028,46.03,3.15
YouTube,7572,4747,505,100,104,5199.98,0.627,0.0219,50.0,2.89
YouTube,2019,1142,98,15,31,1543.14,0.566,0.0271,49.78,2.87
LinkedIn,9097,5709,559,104,102,4817.26,0.628,0.0179,47.23,2.96
LinkedIn,8752,5609,497,100,125,5916.2,0.641,0.0223,47.33,2.86
Meta,8462,5863,576,129,100,5204.61,0.693,0.0171,52.05,3.33
Meta,1012,765,88,16,14,531.77,0.756,0.0183,37.98,3.04
Meta,4955,3581,350,79,54,2649.91,0.723,0.0151,49.07,3.18
LinkedIn,9547,6095,505,122,125,6084.07,0.638,0.0205,48.67,3.07
Meta,5000,3452,314,47,59,3010.85,0.69,0.0171,51.03,3.11
YouTube,7925,5001,494,87,118,5738.13,0.631,0.0236,48.63,2.99
Meta,8332,5855,687,119,101,5320.53,0.703,0.0173,52.68,3.28
Google Ads,7880,5005,491,78,106,5031.37,0.635,0.0212,47.47,2.88
Google Ads,1575,1055,117,19,30,1597.87,0.67,0.0284,53.26,3.14
LinkedIn,8777,5467,590,97,109,5111.71,0.623,0.0199,46.9,2.82
YouTube,8878,5611,587,115,125,6207.49,0.632,0.0223,49.66,3.23
YouTube,5715,3313,357,55,77,3834.49,0.58,0.0232,49.8,3.07
Meta,7547,5352,597,97,97,4955.5,0.709,0.0181,51.09,3.3
YouTube,4443,2851,341,55,50,2339.34,0.642,0.0175,46.79,3.12
YouTube,9318,5931,519,79,135,6858.91,0.637,0.0228,50.81,3.07
YouTube,7223,4445,497,74,87,4162.0,0.615,0.0196,47.84,3.07
Meta,3980,2956,249,40,53,2889.93,0.743,0.0179,54.53,3.05
LinkedIn,5039,3234,337,57,61,2947.07,0.642,0.0189,48.31,2.86
Meta,9947,7032,592,143,117,6035.33,0.707,0.0166,51.58,3.17
Meta,7833,5588,668,131,96,4752.85,0.713,0.0172,49.51,3.34
Google Ads,7904,4970,420,77,96,4447.25,0.629,0.0193,46.33,2.99
Google Ads,4921,2909,236,48,82,3708.1,0.591,0.0282,45.22,3.09
Google Ads,7970,4963,476,111,101,4812.4,0.623,0.0204,47.65,3.02
Google Ads,4329,2720,326,67,66,3165.98,0.628,0.0243,47.97,3.15
Google Ads,1215,705,60,14,1,-57.95,0.58,0.0014,-57.95,3.1
Meta,5051,3642,318,71,57,2836.51,0.721,0.0157,49.76,3.26
YouTube,2999,1900,226,48,45,2125.65,0.634,0.0237,47.24,3.23
LinkedIn,3549,2163,245,52,27,1388.4,0.609,0.0125,51.42,3.05
Google Ads,2016,1275,114,20,14,749.53,0.632,0.011,53.54,2.96
YouTube,4086,2650,250,43,39,1918.01,0.649,0.0147,49.18,3.06
LinkedIn,9228,5885,590,142,105,5136.97,0.638,0.0178,48.92,3.16
YouTube,4675,2872,247,49,53,2544.7,0.614,0.0185,48.01,3.06
YouTube,9305,5736,564,85,125,6247.71,0.616,0.0218,49.98,3.02
YouTube,3111,1919,182,44,38,1825.12,0.617,0.0198,48.03,3.07
LinkedIn,3508,2157,235,35,30,1460.48,0.615,0.0139,48.68,2.91
Google Ads,4799,3000,329,51,51,2279.6,0.625,0.017,44.7,3.09
Google Ads,3965,2487,223,47,48,2094.6,0.627,0.0193,43.64,2.8
LinkedIn,8615,5627,545,88,120,5735.9,0.653,0.0213,47.8,2.94
Google Ads,6096,3851,388,68,82,4036.8,0.632,0.0213,49.23,3.13
Google Ads,4569,2761,307,72,48,2323.41,0.604,0.0174,48.4,2.96
Meta,8154,5857,670,142,79,4122.36,0.718,0.0135,52.18,3.19
Google Ads,2197,1394,139,28,20,852.98,0.635,0.0143,42.65,3.01
LinkedIn,2375,1532,177,28,28,1202.65,0.645,0.0183,42.95,3.05
YouTube,2478,1496,161,38,37,1812.05,0.604,0.0247,48.97,3.18
LinkedIn,4750,2888,256,57,53,2466.3,0.608,0.0184,46.53,3.21
LinkedIn,9823,6348,694,127,136,6368.14,0.646,0.0214,46.82,3.16
Meta,7087,5159,436,108,93,4933.44,0.728,0.018,53.05,3.19
Meta,3276,2285,268,43,41,2128.63,0.697,0.0179,51.92,3.22
LinkedIn,3789,2469,255,38,59,2850.49,0.652,0.0239,48.31,3.09
Meta,7156,5148,591,125,99,5019.84,0.719,0.0192,50.71,3.31
YouTube,2379,1597,151,24,27,1287.65,0.671,0.0169,47.69,2.88
LinkedIn,2629,1717,184,39,60,2964.84,0.653,0.0349,49.41,2.82
Meta,6040,4178,425,91,57,2870.15,0.692,0.0136,50.35,2.98
YouTube,1241,932,103,19,17,1029.86,0.751,0.0182,60.58,2.95
Google Ads,2386,1318,143,33,22,925.86,0.552,0.0167,42.08,3.17
YouTube,8841,5606,476,93,132,6492.48,0.634,0.0235,49.19,3.18
Meta,3441,2379,205,42,31,1675.96,0.691,0.013,54.06,3.23
Google Ads,6448,4186,415,101,80,3919.52,0.649,0.0191,48.99,3.09
Google Ads,3030,1877,211,49,20,866.67,0.619,0.0107,43.33,2.92
LinkedIn,1343,644,57,13,1,-133.91,0.48,0.0016,-133.91,2.85
Google Ads,8650,5480,557,128,108,5232.48,0.634,0.0197,48.45,2.97
YouTube,4861,2888,326,52,61,2999.53,0.594,0.0211,49.17,2.88
LinkedIn,1235,772,65,9,27,1148.57,0.625,0.035,42.54,3.16
Meta,2332,1742,187,38,28,1250.67,0.747,0.0161,44.67,3.16
LinkedIn,5871,3634,308,64,80,3681.9,0.619,0.022,46.02,2.85
LinkedIn,1091,755,85,19,16,940.05,0.692,0.0212,58.75,2.98
Meta,3974,2835,298,73,43,2093.07,0.713,0.0152,48.68,3.24
Google Ads,1956,1451,128,26,36,1530.07,0.742,0.0248,42.5,3.13
YouTube,9705,6141,503,112,123,5987.8,0.633,0.02,48.68,2.96
YouTube,6230,3781,372,69,80,3833.97,0.607,0.0212,47.92,2.87
LinkedIn,5892,3887,427,102,97,4588.85,0.66,0.025,47.31,3.17
Google Ads,5149,3153,316,68,79,3678.4,0.612,0.0251,46.56,2.97
Meta,6152,4374,400,64,74,3607.96,0.711,0.0169,48.76,3.02
YouTube,7315,4544,539,88,91,4632.1,0.621,0.02,50.9,3.01
LinkedIn,5602,3359,292,65,94,4493.31,0.6,0.028,47.8,3.15
LinkedIn,4232,2520,214,39,55,2555.14,0.595,0.0218,46.46,3.12
Google Ads,5815,3824,444,83,80,3846.97,0.658,0.0209,48.09,3.0
LinkedIn,5426,3477,339,76,68,3358.52,0.641,0.0196,49.39,3.13
YouTube,6581,4069,461,74,80,4038.77,0.618,0.0197,50.48,2.98
Meta,9124,6413,675,128,93,4599.65,0.703,0.0145,49.46,3.13
Google Ads,6802,4258,467,102,98,4534.65,0.626,0.023,46.27,2.91
Google Ads,4346,2694,279,51,62,2796.33,0.62,0.023,45.1,2.85
Meta,9463,6820,786,163,122,6318.09,0.721,0.0179,51.79,2.98
Google Ads,7153,4525,500,113,88,4061.36,0.633,0.0194,46.15,3.02
LinkedIn,3903,2387,238,56,50,2179.23,0.612,0.0209,43.58,3.16
Meta,9103,6334,755,158,119,5900.36,0.696,0.0188,49.58,3.22
YouTube,1295,868,78,15,8,281.42,0.67,0.0092,35.18,2.9
YouTube,2073,1428,129,27,30,1416.46,0.689,0.021,47.22,3.01
YouTube,4866,3084,257,45,56,2922.3,0.634,0.0182,52.18,2.87
LinkedIn,9242,5931,643,102,119,5743.25,0.642,0.0201,48.26,3.15
LinkedIn,1474,852,87,19,27,1358.16,0.578,0.0317,50.3,2.83
Meta,5831,4221,447,89,66,3486.91,0.724,0.0156,52.83,3.18
Meta,9018,6250,741,146,122,6253.17,0.693,0.0195,51.26,3.11
YouTube,6952,4200,461,112,89,4414.85,0.604,0.0212,49.61,3.06
LinkedIn,9497,5917,490,109,121,5603.7,0.623,0.0204,46.31,2.94
LinkedIn,5403,3364,353,84,81,3695.91,0.623,0.0241,45.63,2.93
YouTube,1850,1282,134,27,23,1317.88,0.693,0.0179,57.3,2.97
YouTube,3585,2069,179,39,52,2496.99,0.577,0.0251,48.02,3.12
LinkedIn,2223,1413,122,18,38,1932.06,0.636,0.0269,50.84,2.95
Google Ads,6049,3792,325,54,85,4132.56,0.627,0.0224,48.62,2.91
LinkedIn,1653,1110,114,27,22,1187.97,0.672,0.0198,54.0,3.16
LinkedIn,9469,5992,629,156,139,6552.08,0.633,0.0232,47.14,3.18
Google Ads,9246,5938,695,170,118,5698.87,0.642,0.0199,48.3,2.99
YouTube,8452,5095,494,109,110,5638.5,0.603,0.0216,51.26,3.02
Meta,2384,1701,138,24,27,1507.02,0.714,0.0159,55.82,3.02
Meta,4261,3069,291,55,43,2360.41,0.72,0.014,54.89,3.18
YouTube,3730,2331,257,60,53,2589.91,0.625,0.0227,48.87,2.92
Google Ads,1354,779,83,14,9,587.97,0.575,0.0116,65.33,2.91
Google Ads,6605,4045,398,67,86,4157.34,0.612,0.0213,48.34,3.02
LinkedIn,6093,3834,330,62,73,3328.75,0.629,0.019,45.6,3.17
YouTube,9329,5956,579,87,130,6495.11,0.638,0.0218,49.96,3.23
Google Ads,9145,5812,498,107,137,6331.05,0.636,0.0236,46.21,3.15
Meta,5115,3454,403,65,65,3410.44,0.675,0.0188,52.47,3.08
LinkedIn,1080,906,77,18,7,327.26,0.839,0.0077,46.75,2.86
LinkedIn,6840,4233,356,59,75,3613.32,0.619,0.0177,48.18,3.13
YouTube,4104,2594,270,50,53,2585.45,0.632,0.0204,48.78,2.93
Google Ads,5890,3776,383,61,82,3718.43,0.641,0.0217,45.35,2.82
LinkedIn,6851,4334,462,104,89,4244.41,0.633,0.0205,47.69,3.04
Meta,4996,3555,344,55,46,2252.6,0.712,0.0129,48.97,3.27
YouTube,2554,1718,198,38,43,2351.26,0.673,0.025,54.68,3.2
LinkedIn,7845,5109,511,90,101,4912.88,0.651,0.0198,48.64,3.05
Meta,9525,6643,688,162,107,5416.51,0.697,0.0161,50.62,3.23
Google Ads,1389,923,85,18,26,1136.54,0.665,0.0282,43.71,2.97
LinkedIn,2327,1447,150,24,32,1465.9,0.622,0.0221,45.81,3.22
LinkedIn,1818,1158,97,19,21,984.86,0.637,0.0181,46.9,3.0
LinkedIn,6817,4207,349,55,70,3211.73,0.617,0.0166,45.88,3.08
Meta,1828,1428,160,34,28,1258.11,0.781,0.0196,44.93,3.19
Google Ads,4214,2644,308,71,35,1566.95,0.627,0.0132,44.77,3.07
YouTube,8685,5411,594,147,114,5524.43,0.623,0.0211,48.46,3.17
Google Ads,2070,1293,129,31,11,668.36,0.625,0.0085,60.76,3.09
Meta,6476,4549,506,104,90,4743.97,0.702,0.0198,52.71,2.97
Google Ads,6163,3926,433,87,80,3942.89,0.637,0.0204,49.29,2.85
LinkedIn,5694,3625,302,60,54,2554.14,0.637,0.0149,47.3,2.94
Google Ads,4409,2864,291,60,69,3394.79,0.65,0.0241,49.2,2.84
LinkedIn,9553,6091,629,126,114,5218.5,0.638,0.0187,45.78,2.86
Google Ads,3615,2303,261,47,55,2625.43,0.637,0.0239,47.74,3.18
Google Ads,2945,1832,157,32,36,1832.8,0.622,0.0197,50.91,2.87
LinkedIn,2089,1368,154,38,18,922.08,0.655,0.0132,51.23,3.14
YouTube,1051,723,69,16,12,750.57,0.688,0.0166,62.55,3.05
YouTube,6717,4288,370,85,87,4259.41,0.638,0.0203,48.96,2.9
Google Ads,5135,3183,360,55,65,3203.24,0.62,0.0204,49.28,3.05
Google Ads,2527,1530,180,31,57,2610.78,0.605,0.0373,45.8,3.14
LinkedIn,2746,1763,177,28,43,2110.42,0.642,0.0244,49.08,3.05
YouTube,8628,5475,582,126,124,6252.52,0.635,0.0226,50.42,2.89
Google Ads,1711,1039,93,15,15,833.34,0.607,0.0144,55.56,2.93
Meta,3846,2713,257,42,39,2181.91,0.705,0.0144,55.95,3.29
LinkedIn,9054,5729,654,157,82,3762.92,0.633,0.0143,45.89,2.95
Meta,2368,1699,189,42,32,1724.96,0.717,0.0188,53.91,3.29
Google Ads,1147,845,81,18,14,708.4,0.737,0.0166,50.6,3.18
LinkedIn,8645,5616,612,102,126,6011.47,0.65,0.0224,47.71,3.17
Google Ads,9508,5808,651,108,130,6081.85,0.611,0.0224,46.78,2.86
LinkedIn,9063,5813,509,113,123,5857.77,0.641,0.0212,47.62,2.85
LinkedIn,6305,4119,446,107,71,3293.07,0.653,0.0172,46.38,2.88
LinkedIn,8338,5349,463,90,111,5229.91,0.642,0.0208,47.12,3.02
LinkedIn,6799,4254,388,94,69,3364.73,0.626,0.0162,48.76,3.21
YouTube,2050,1161,112,22,17,795.83,0.566,0.0146,46.81,3.12
YouTube,5181,3294,394,84,88,4424.37,0.636,0.0267,50.28,3.21
YouTube,3244,1861,187,34,45,2401.02,0.574,0.0242,53.36,3.21
Google Ads,8373,5328,475,92,122,5884.81,0.636,0.0229,48.24,3.11
Google Ads,6509,4206,381,59,79,3775.11,0.646,0.0188,47.79,3.08
Google Ads,5739,3534,310,70,66,3213.17,0.616,0.0187,48.68,2.97
LinkedIn,5806,3677,361,86,71,3444.35,0.633,0.0193,48.51,3.02
YouTube,2306,1590,145,24,30,1689.43,0.69,0.0189,56.31,3.03
LinkedIn,3823,2478,273,47,49,2474.6,0.648,0.0198,50.5,3.07
YouTube,4380,2621,259,56,60,3091.28,0.598,0.0229,51.52,3.12
Google Ads,7148,4544,518,109,109,4977.52,0.636,0.024,45.67,2.87
LinkedIn,9145,5980,621,127,111,5420.04,0.654,0.0186,48.83,2.9
LinkedIn,3085,1717,165,30,26,1307.6,0.557,0.0151,50.29,2.84
YouTube,7156,4558,369,56,94,4647.53,0.637,0.0206,49.44,3.09
LinkedIn,8445,5226,435,71,96,4490.57,0.619,0.0184,46.78,2.91
YouTube,6933,4176,430,92,88,4257.83,0.602,0.0211,48.38,3.2
LinkedIn,6515,4004,414,66,79,3720.54,0.615,0.0197,47.1,2.93
YouTube,8460,5513,612,134,132,6421.96,0.652,0.0239,48.65,3.07
Google Ads,4367,2827,296,50,62,3110.37,0.647,0.0219,50.17,3.01
LinkedIn,6757,4413,433,104,89,4176.72,0.653,0.0202,46.93,2.94
Meta,3145,2111,210,34,46,2460.18,0.671,0.0218,53.48,3.22
Google Ads,9844,6294,611,100,116,5663.25,0.639,0.0184,48.82,2.9
Google Ads,1520,935,88,14,35,1634.45,0.615,0.0374,46.7,2.84
Meta,6448,4674,444,93,58,2962.78,0.725,0.0124,51.08,3.09
YouTube,5793,3628,364,75,68,3561.91,0.626,0.0187,52.38,3.08
YouTube,6165,3729,326,61,91,4365.9,0.605,0.0244,47.98,3.02
YouTube,2896,1705,194,41,34,1619.57,0.589,0.0199,47.63,2.87
Google Ads,1099,596,70,12,24,1303.61,0.542,0.0403,54.32,3.02
LinkedIn,6327,4071,423,92,74,3502.46,0.643,0.0182,47.33,3.12
YouTube,4748,2995,284,50,50,2589.58,0.631,0.0167,51.79,3.14
YouTube,1571,925,79,12,37,1742.74,0.589,0.04,47.1,2.96
YouTube,1591,996,91,20,23,1214.74,0.626,0.0231,52.81,3.14
LinkedIn,6548,3930,413,77,87,4324.34,0.6,0.0221,49.71,2.91
YouTube,1524,891,86,17,17,941.85,0.585,0.0191,55.4,3.01
Google Ads,7954,5095,577,135,98,4427.25,0.641,0.0192,45.18,3.09
Google Ads,8695,5473,609,129,106,5113.51,0.629,0.0194,48.24,3.14
Meta,8954,6338,719,132,95,5015.03,0.708,0.015,52.79,3.21
LinkedIn,3843,2358,279,64,28,1412.72,0.614,0.0119,50.45,3.11
Google Ads,8057,4995,565,95,108,4964.17,0.62,0.0216,45.96,2.98
Google Ads,8412,5320,444,94,126,5760.96,0.632,0.0237,45.72,2.98
Google Ads,5082,3276,265,52,68,3083.27,0.645,0.0208,45.34,2.86
YouTube,1385,897,94,14,16,798.54,0.648,0.0178,49.91,3.11
Meta,5931,4124,488,103,69,3391.07,0.695,0.0167,49.15,3.32
LinkedIn,3047,2059,176,32,53,2516.67,0.676,0.0257,47.48,2.87
Google Ads,9076,5904,634,112,125,5757.78,0.651,0.0212,46.06,3.11
Google Ads,9433,6099,711,111,127,5988.48,0.647,0.0208,47.15,2.99
Meta,5505,3797,342,66,67,3498.05,0.69,0.0176,52.21,3.22
YouTube,6752,4175,438,69,78,4037.3,0.618,0.0187,51.76,3.11
Google Ads,7293,4745,504,114,95,4543.67,0.651,0.02,47.83,3.03
Google Ads,7491,4637,441,105,102,4869.31,0.619,0.022,47.74,3.08
YouTube,3945,2453,288,61,61,2867.37,0.622,0.0249,47.01,3.14
Google Ads,7946,4990,440,90,97,4451.56,0.628,0.0194,45.89,3.11
LinkedIn,2586,1796,179,41,39,1905.36,0.695,0.0217,48.86,3.09
LinkedIn,6054,3817,448,71,100,4722.02,0.63,0.0262,47.22,3.12
LinkedIn,1069,632,57,11,11,722.21,0.591,0.0174,65.66,2.9
YouTube,6336,3949,430,89,85,4363.1,0.623,0.0215,51.33,3.17
LinkedIn,7405,4797,451,72,96,4374.57,0.648,0.02,45.57,2.99
LinkedIn,7490,4676,520,124,94,4274.65,0.624,0.0201,45.47,3.01
Meta,6245,4606,430,77,66,3518.22,0.738,0.0143,53.31,3.34
Meta,6787,4956,419,64,70,3772.82,0.73,0.0141,53.9,3.33
Meta,6618,4589,468,104,71,3464.74,0.693,0.0155,48.8,3.02
LinkedIn,3399,2170,177,42,45,2002.04,0.638,0.0207,44.49,3.12
LinkedIn,1466,1070,100,21,25,1352.55,0.73,0.0234,54.1,3.16
LinkedIn,1951,1255,104,23,31,1553.33,0.643,0.0247,50.11,2.88
LinkedIn,6045,3801,451,85,75,3557.43,0.629,0.0197,47.43,3.19
Google Ads,6449,4167,478,78,90,4252.11,0.646,0.0216,47.25,2.79
YouTube,8106,5015,481,120,98,5091.12,0.619,0.0195,51.95,2.95
YouTube,2732,1786,188,44,19,1028.35,0.654,0.0106,54.12,2.94
Meta,1319,937,105,25,30,1613.99,0.71,0.032,53.8,3.12
Meta,1216,847,81,19,14,872.91,0.697,0.0165,62.35,3.21
Meta,8701,6163,505,90,112,5575.46,0.708,0.0182,49.78,3.19
Meta,2188,1458,120,26,32,1739.66,0.666,0.0219,54.36,3.08
YouTube,8479,5190,471,85,116,5779.88,0.612,0.0224,49.83,2.89
Meta,9744,6687,717,170,131,6512.87,0.686,0.0196,49.72,3.01
Meta,1551,1026,98,16,5,141.38,0.662,0.0049,28.28,3.03
Google Ads,4825,3013,354,85,52,2541.0,0.624,0.0173,48.87,2.83
LinkedIn,4214,2573,206,37,47,2273.56,0.611,0.0183,48.37,2.82
LinkedIn,7400,4613,398,61,82,3853.29,0.623,0.0178,46.99,3.2
Meta,2620,1625,144,30,25,1236.23,0.62,0.0154,49.45,3.13
Meta,4743,3277,297,49,56,2968.29,0.691,0.0171,53.01,2.96
LinkedIn,8986,5744,679,108,108,4930.86,0.639,0.0188,45.66,3.01
YouTube,3785,2378,200,30,49,2415.37,0.628,0.0206,49.29,2.97
LinkedIn,3604,2337,223,52,44,2002.61,0.648,0.0188,45.51,3.11
YouTube,7536,4599,373,70,89,4260.74,0.61,0.0194,47.87,3.04
Google Ads,2649,1759,165,40,64,2977.9,0.664,0.0364,46.53,2.96
Google Ads,7076,4564,394,63,83,4054.07,0.645,0.0182,48.84,3.11
LinkedIn,9901,6254,579,100,129,6063.8,0.632,0.0206,47.01,3.0
YouTube,7742,4655,546,134,95,4577.41,0.601,0.0204,48.18,2.93
Google Ads,9295,5830,584,88,112,5219.76,0.627,0.0192,46.61,3.14
Google Ads,3287,2225,254,44,40,1869.89,0.677,0.018,46.75,2.95
LinkedIn,3180,1943,185,40,46,2200.81,0.611,0.0237,47.84,3.02
Google Ads,2078,1392,163,24,21,1163.69,0.67,0.0151,55.41,3.15
LinkedIn,7868,4871,487,110,103,4775.0,0.619,0.0211,46.36,3.17
Meta,6591,4720,534,132,61,3084.39,0.716,0.0129,50.56,2.99
Google Ads,3433,2204,176,36,57,2847.04,0.642,0.0259,49.95,2.9
Google Ads,9823,6294,583,99,156,7449.81,0.641,0.0248,47.76,3.11
Meta,2501,1726,167,27,28,1302.77,0.69,0.0162,46.53,3.3
LinkedIn,1906,1111,131,25,19,1019.17,0.583,0.0171,53.64,3.0
Google Ads,6144,3873,347,83,101,4718.87,0.63,0.0261,46.72,3.17
LinkedIn,4885,3065,285,49,50,2499.92,0.627,0.0163,50.0,2.87
Meta,8138,5706,510,93,99,4959.48,0.701,0.0174,50.1,2.97
LinkedIn,8377,5187,501,123,114,5283.78,0.619,0.022,46.35,3.02
YouTube,1162,910,79,17,1,-148.97,0.783,0.0011,-148.97,3.18
LinkedIn,4238,2706,244,58,52,2629.7,0.639,0.0192,50.57,3.07
Google Ads,2488,1589,153,38,31,1432.85,0.639,0.0195,46.22,3.13
Meta,6215,4313,478,119,61,3273.51,0.694,0.0141,53.66,3.04
LinkedIn,6745,4402,498,79,95,4434.69,0.653,0.0216,46.68,3.19
YouTube,9152,5736,528,98,101,4911.31,0.627,0.0176,48.63,3.12
Google Ads,8673,5418,635,99,99,4546.24,0.625,0.0183,45.92,3.07
YouTube,1408,761,60,10,22,980.57,0.54,0.0289,44.57,3.18
Google Ads,8384,5309,556,103,96,4671.68,0.633,0.0181,48.66,2.8
Google Ads,8634,5385,433,70,121,5729.13,0.624,0.0225,47.35,2.92
LinkedIn,1131,684,65,11,10,406.41,0.605,0.0146,40.64,3.02
Meta,2495,1589,168,33,32,1510.51,0.637,0.0201,47.2,3.26
Google Ads,6686,4091,330,70,85,3959.19,0.612,0.0208,46.58,2.87
LinkedIn,2156,1347,129,21,38,1955.92,0.625,0.0282,51.47,2.82
LinkedIn,3496,2085,186,40,41,2102.02,0.596,0.0197,51.27,2.92
YouTube,2646,1681,170,40,8,417.03,0.635,0.0048,52.13,3.22
YouTube,4791,2858,334,53,62,3246.34,0.597,0.0217,52.36,3.07
YouTube,7026,4193,415,103,81,4118.03,0.597,0.0193,50.84,3.22
Google Ads,9912,6324,725,149,156,7490.91,0.638,0.0247,48.02,3.17
LinkedIn,9719,6065,640,148,117,5531.51,0.624,0.0193,47.28,3.17
LinkedIn,1352,757,90,19,20,821.14,0.56,0.0264,41.06,2.9
YouTube,2224,1363,112,27,44,2310.59,0.613,0.0323,52.51,2.93
YouTube,8225,5074,562,126,107,5205.52,0.617,0.0211,48.65,3.01
Meta,6379,4554,402,84,73,3685.6,0.714,0.016,50.49,3.32
YouTube,2218,1367,142,33,26,1266.87,0.616,0.019,48.73,2.99
YouTube,9687,6273,655,156,142,6949.63,0.648,0.0226,48.94,3.22
Meta,6482,4535,520,109,65,3391.17,0.7,0.0143,52.17,3.21
Google Ads,2267,1409,156,30,26,1039.24,0.622,0.0185,39.97,2.85
LinkedIn,7621,4740,538,83,97,4718.86,0.622,0.0205,48.65,3.11
YouTube,2445,1537,164,40,44,2177.47,0.629,0.0286,49.49,3.06
LinkedIn,5249,3417,408,100,69,3289.52,0.651,0.0202,47.67,3.03
LinkedIn,4972,3102,356,88,67,3306.68,0.624,0.0216,49.35,3.22
Google Ads,7257,4495,401,99,76,3588.45,0.619,0.0169,47.22,2.8
Meta,4180,2942,346,63,70,3737.35,0.704,0.0238,53.39,3.02
Google Ads,5348,3386,315,49,93,4230.05,0.633,0.0275,45.48,3.0
Google Ads,4633,3015,261,57,77,3678.55,0.651,0.0255,47.77,2.88
YouTube,4324,2638,228,46,60,2886.87,0.61,0.0227,48.11,3.02
Meta,6300,4691,489,101,69,3392.4,0.745,0.0147,49.17,3.25
Meta,3802,2720,302,68,35,1862.96,0.715,0.0129,53.23,3.25
LinkedIn,2093,1246,104,25,36,1659.58,0.595,0.0289,46.1,3.17
YouTube,7986,4954,426,78,91,4389.81,0.62,0.0184,48.24,3.13
Meta,4567,3136,252,49,66,3206.45,0.687,0.021,48.58,3.11
Meta,3754,2602,260,61,59,2880.9,0.693,0.0227,48.83,3.14
LinkedIn,5121,3318,282,63,64,2854.14,0.648,0.0193,44.6,2.91
YouTube,4643,2933,298,59,51,2385.5,0.632,0.0174,46.77,2.91
YouTube,5722,3511,336,52,80,3828.98,0.614,0.0228,47.86,2.96
Google Ads,6188,3893,326,65,84,4154.14,0.629,0.0216,49.45,2.96
Meta,1560,1094,126,23,8,327.27,0.701,0.0073,40.91,3.17
LinkedIn,3488,2185,194,48,42,2150.56,0.626,0.0192,51.2,3.13
LinkedIn,2197,1377,118,25,38,1943.21,0.627,0.0276,51.14,3.11
Google Ads,4614,2747,295,45,56,2646.59,0.595,0.0204,47.26,3.0
Meta,9019,6329,671,125,116,6078.17,0.702,0.0183,52.4,3.1
LinkedIn,5342,3206,356,77,75,3519.76,0.6,0.0234,46.93,3.11
Google Ads,9177,5722,597,144,133,6097.79,0.624,0.0232,45.85,3.11
LinkedIn,1096,746,72,17,16,578.67,0.681,0.0214,36.17,3.12
Meta,3856,2473,291,52,48,2485.21,0.641,0.0194,51.78,3.03
YouTube,2754,1614,141,29,29,1285.44,0.586,0.018,44.33,2.87
YouTube,8149,4951,532,127,110,5386.79,0.608,0.0222,48.97,3.12
LinkedIn,1617,996,89,15,23,1237.47,0.616,0.0231,53.8,3.06
YouTube,7290,4607,519,92,97,4998.2,0.632,0.0211,51.53,3.21
Meta,5610,4011,416,102,80,4063.25,0.715,0.0199,50.79,3.05
Google Ads,4148,2482,264,52,46,2016.44,0.598,0.0185,43.84,3.1
LinkedIn,8186,5123,589,142,101,4759.49,0.626,0.0197,47.12,2.88
YouTube,5808,3415,383,90,74,3891.8,0.588,0.0217,52.59,3.2
LinkedIn,8848,5450,572,95,113,5255.8,0.616,0.0207,46.51,2.92
YouTube,6177,3796,346,56,91,4455.77,0.615,0.024,48.96,3.07
Google Ads,1569,1047,110,19,23,1215.38,0.667,0.022,52.84,2.91
Google Ads,5636,3500,302,58,82,3680.63,0.621,0.0234,44.89,2.87
Google Ads,6934,4358,501,75,73,3497.47,0.628,0.0168,47.91,3.12
Google Ads,8075,5138,524,125,99,4705.09,0.636,0.0193,47.53,2.95
LinkedIn,3023,2160,184,38,28,1184.65,0.715,0.013,42.31,3.03
Meta,1102,661,71,11,20,954.69,0.6,0.0303,47.73,3.1
LinkedIn,7660,4630,506,118,97,4741.11,0.604,0.021,48.88,2.84
Meta,8621,6037,621,122,104,5457.58,0.7,0.0172,52.48,3.07
Meta,2512,1699,152,24,28,1420.92,0.676,0.0165,50.75,3.29
YouTube,8228,5109,410,99,110,5708.48,0.621,0.0215,51.9,2.85
Google Ads,8367,5400,544,112,104,4942.85,0.645,0.0193,47.53,2.92
Meta,8909,6530,730,162,127,6570.31,0.733,0.0194,51.73,3.06
LinkedIn,2907,1791,154,28,32,1541.92,0.616,0.0179,48.19,3.13
Google Ads,7095,4551,382,63,95,4652.4,0.641,0.0209,48.97,3.0
LinkedIn,6932,4356,517,117,70,3176.89,0.628,0.0161,45.38,3.13
LinkedIn,1467,972,114,22,6,415.21,0.663,0.0062,69.2,3.06
Meta,2812,1927,182,35,15,894.17,0.685,0.0078,59.61,2.96
Google Ads,2213,1435,124,30,12,616.23,0.648,0.0084,51.35,2.95
Google Ads,9802,6325,581,107,125,5755.62,0.645,0.0198,46.04,2.92
Google Ads,2689,1815,158,34,41,1812.25,0.675,0.0226,44.2,3.07
YouTube,4560,2652,218,49,51,2406.05,0.582,0.0192,47.18,2.86
Meta,1579,1160,121,28,11,490.67,0.735,0.0095,44.61,3.0
Meta,5653,3892,443,76,62,3246.39,0.688,0.0159,52.36,3.33
Google Ads,9907,6160,512,126,113,5426.91,0.622,0.0183,48.03,3.0
LinkedIn,7976,5188,486,106,114,5607.13,0.65,0.022,49.19,2.83
YouTube,2193,1228,134,24,40,2196.76,0.56,0.0326,54.92,2.99
Google Ads,3866,2468,230,51,56,2444.98,0.638,0.0227,43.66,2.91
LinkedIn,2992,1785,211,33,48,2176.98,0.597,0.0269,45.35,3.05
YouTube,6207,3872,431,103,73,3821.67,0.624,0.0189,52.35,3.02
Meta,5757,4032,397,62,75,3828.68,0.7,0.0186,51.05,3.05
LinkedIn,4488,2753,256,62,61,2714.48,0.613,0.0222,44.5,3.0
LinkedIn,9748,6420,678,118,129,6166.07,0.659,0.0201,47.8,2.94
YouTube,3748,2362,245,60,57,2971.7,0.63,0.0241,52.14,3.05
YouTube,8040,4998,552,118,96,5003.01,0.622,0.0192,52.11,2.93
Google Ads,1326,1062,121,18,14,798.4,0.801,0.0132,57.03,2.8
Meta,4427,3248,369,72,46,2465.97,0.734,0.0142,53.61,3.03
LinkedIn,1604,1072,118,23,18,903.64,0.668,0.0168,50.2,2.97
YouTube,4833,2994,272,60,64,3134.74,0.619,0.0214,48.98,3.03
Meta,2199,1513,135,31,29,1474.65,0.688,0.0192,50.85,3.32
LinkedIn,3101,1737,182,44,31,1406.41,0.56,0.0178,45.37,2.92
LinkedIn,5781,3561,412,88,72,3266.5,0.616,0.0202,45.37,3.04
YouTube,2479,1597,189,46,34,1771.96,0.644,0.0213,52.12,2.85
Meta,6742,4917,552,124,82,4026.01,0.729,0.0167,49.1,3.21
Google Ads,3972,2628,213,39,50,2383.89,0.662,0.019,47.68,2.96
YouTube,8943,5755,602,90,139,6916.16,0.644,0.0242,49.76,2.87
Meta,6220,4581,412,81,67,3402.73,0.736,0.0146,50.79,3.18
Google Ads,9900,6244,703,109,127,5926.48,0.631,0.0203,46.67,2.88
Meta,9913,7028,755,148,125,6208.89,0.709,0.0178,49.67,3.25
Google Ads,6521,4067,482,85,101,4935.9,0.624,0.0248,48.87,3.01
LinkedIn,6178,3860,366,89,78,3554.56,0.625,0.0202,45.57,2.96
LinkedIn,6853,4337,460,111,103,5034.14,0.633,0.0237,48.88,2.87
Google Ads,6325,3775,367,88,92,4321.38,0.597,0.0244,46.97,3.03
Google Ads,4027,2661,259,56,57,2777.19,0.661,0.0214,48.72,2.83
LinkedIn,3227,2060,186,28,33,1661.07,0.638,0.016,50.34,2.92
YouTube,8816,5355,551,112,100,5019.18,0.607,0.0187,50.19,3.1
Meta,3779,2780,234,49,59,3112.3,0.736,0.0212,52.75,3.06
Google Ads,7246,4608,470,108,97,4707.64,0.636,0.0211,48.53,2.85
LinkedIn,4529,2858,282,53,28,1251.47,0.631,0.0098,44.7,3.2
Meta,3889,2696,232,47,69,3346.52,0.693,0.0256,48.5,2.94
YouTube,9302,5920,582,126,113,5541.42,0.636,0.0191,49.04,3.06
Meta,1714,1162,138,28,2,41.71,0.678,0.0017,20.86,3.07
Google Ads,1602,1111,112,25,4,127.79,0.694,0.0036,31.95,2.92
YouTube,2776,1793,179,34,39,2141.31,0.646,0.0218,54.91,2.99
YouTube,2968,1869,163,34,33,1724.25,0.63,0.0177,52.25,3.21
YouTube,6681,4279,474,88,92,4660.19,0.64,0.0215,50.65,3.04
Meta,6993,4953,534,94,90,4415.35,0.708,0.0182,49.06,3.19
Google Ads,6519,4108,332,58,87,4014.85,0.63,0.0212,46.15,3.02
Meta,1381,926,99,18,14,633.71,0.671,0.0151,45.27,3.07
Google Ads,7425,4644,429,72,92,4176.25,0.625,0.0198,45.39,3.15
Google Ads,4857,2995,248,49,65,3222.4,0.617,0.0217,49.58,3.01
LinkedIn,6246,4059,468,96,78,3897.45,0.65,0.0192,49.97,2.87
Meta,6988,4783,501,115,81,4099.07,0.684,0.0169,50.61,3.16
Meta,8180,5747,668,135,106,5394.81,0.703,0.0184,50.89,3.24
Meta,7117,4993,415,96,91,4636.54,0.702,0.0182,50.95,2.98
Google Ads,7758,4962,524,118,81,3969.16,0.64,0.0163,49.0,2.81
LinkedIn,7336,4484,484,114,92,4455.51,0.611,0.0205,48.43,3.09
Google Ads,2328,1398,164,40,42,1778.59,0.601,0.03,42.35,3.05
YouTube,7721,4847,484,118,99,5048.29,0.628,0.0204,50.99,3.2
Google Ads,7595,4638,399,71,101,4674.51,0.611,0.0218,46.28,3.05
LinkedIn,6117,3895,427,70,91,4515.93,0.637,0.0234,49.63,3.07
Google Ads,6166,3879,424,100,91,4294.31,0.629,0.0235,47.19,3.13
Meta,1614,1214,117,20,21,1162.84,0.752,0.0173,55.37,3.12
LinkedIn,2271,1520,123,24,46,2179.39,0.669,0.0303,47.38,2.98
YouTube,2494,1633,180,42,39,1833.22,0.655,0.0239,47.01,2.99
Google Ads,9734,6172,616,115,127,6135.19,0.634,0.0206,48.31,3.03
Meta,3674,2750,226,51,51,2701.73,0.749,0.0185,52.98,3.23
LinkedIn,5548,3382,320,63,64,2978.61,0.61,0.0189,46.54,2.88
LinkedIn,2526,1476,120,18,27,1088.75,0.584,0.0183,40.32,3.06
Google Ads,5909,3752,307,53,86,4206.03,0.635,0.0229,48.91,3.13
LinkedIn,2785,1801,196,36,45,1988.32,0.647,0.025,44.18,2.87
Google Ads,7730,4836,425,71,114,5306.76,0.626,0.0236,46.55,3.05
Meta,2073,1491,146,27,9,342.75,0.719,0.006,38.08,3.14
Google Ads,2394,1667,161,27,25,1018.8,0.696,0.015,40.75,2.84
Meta,6995,4846,518,105,81,4193.06,0.693,0.0167,51.77,3.33
Meta,1075,835,77,14,29,1577.0,0.777,0.0347,54.38,3.14
Google Ads,5842,3569,407,72,74,3544.79,0.611,0.0207,47.9,2.79
Google Ads,5352,3589,312,77,63,2852.97,0.671,0.0176,45.29,3.01
YouTube,7064,4414,462,81,92,4724.02,0.625,0.0208,51.35,3.12
Meta,5990,4192,365,73,64,3269.21,0.7,0.0153,51.08,3.18
LinkedIn,7676,4868,412,98,102,4972.76,0.634,0.021,48.75,3.13
Meta,6047,4269,424,82,63,3142.19,0.706,0.0148,49.88,3.07
LinkedIn,5897,3624,294,50,94,4545.95,0.615,0.0259,48.36,3.13
Meta,5080,3492,294,56,63,3197.46,0.687,0.018,50.75,3.32
LinkedIn,3595,2292,239,54,51,2565.77,0.638,0.0223,50.31,3.14
Meta,6868,4758,512,122,79,3902.02,0.693,0.0166,49.39,3.14
Google Ads,1707,1208,104,22,24,1089.18,0.708,0.0199,45.38,3.15
YouTube,4494,2772,256,53,50,2378.87,0.617,0.018,47.58,3.0
Google Ads,2899,1816,196,30,28,1356.78,0.626,0.0154,48.46,2.81
LinkedIn,1027,613,62,15,7,194.73,0.597,0.0114,27.82,2.97
Google Ads,5876,3563,353,77,65,2954.56,0.606,0.0182,45.45,3.16
YouTube,4871,3124,361,65,59,3107.06,0.641,0.0189,52.66,2.92
LinkedIn,2320,1300,106,19,20,1139.16,0.56,0.0154,56.96,3.1
Google Ads,5811,3657,396,75,86,3871.53,0.629,0.0235,45.02,3.05
LinkedIn,8895,5683,548,83,114,5503.29,0.639,0.0201,48.27,2.85
YouTube,2303,1326,110,22,22,1037.45,0.576,0.0166,47.16,3.07
LinkedIn,7068,4393,414,69,90,4299.52,0.622,0.0205,47.77,3.13
LinkedIn,9170,5785,564,86,119,5727.59,0.631,0.0206,48.13,3.12
LinkedIn,9465,5888,605,129,125,6003.73,0.622,0.0212,48.03,2.98
Meta,1984,1238,103,19,33,1837.99,0.624,0.0267,55.7,3.3
YouTube,5126,3067,327,70,63,3345.5,0.598,0.0205,53.1,2.92
LinkedIn,9265,5716,656,151,118,5752.54,0.617,0.0206,48.75,3.22
LinkedIn,7378,4608,380,59,94,4275.52,0.625,0.0204,45.48,2.92
Google Ads,3594,2267,221,47,59,2917.53,0.631,0.026,49.45,2.86
Meta,5077,3442,306,56,56,2715.16,0.678,0.0163,48.48,3.29
LinkedIn,3340,2274,267,41,39,1826.77,0.681,0.0172,46.84,2.95
Meta,7273,5214,605,139,78,3812.48,0.717,0.015,48.88,3.13
YouTube,6994,4466,469,107,102,4957.7,0.639,0.0228,48.6,3.24
YouTube,7959,4847,515,93,99,5051.7,0.609,0.0204,51.03,3.12
Meta,3135,2102,250,38,44,2435.05,0.67,0.0209,55.34,3.32
Meta,6493,4638,434,98,90,4647.51,0.714,0.0194,51.64,3.0
Meta,1978,1465,161,36,4,224.47,0.741,0.0027,56.12,3.09
Meta,8285,5904,575,116,121,5998.85,0.713,0.0205,49.58,3.14
Meta,3743,2680,314,52,41,1923.27,0.716,0.0153,46.91,3.13
Meta,7684,5439,472,98,103,5076.09,0.708,0.0189,49.28,3.16
Google Ads,7579,4692,490,76,100,4771.95,0.619,0.0213,47.72,3.07
YouTube,5273,3211,373,88,76,3892.87,0.609,0.0237,51.22,2.95
YouTube,2759,1579,174,42,35,1886.94,0.572,0.0222,53.91,3.09
Meta,7468,5429,615,108,80,4188.99,0.727,0.0147,52.36,3.34
Meta,7880,5618,496,119,108,5394.64,0.713,0.0192,49.95,3.26
LinkedIn,9606,6029,526,93,134,6542.61,0.628,0.0222,48.83,2.92
YouTube,8916,5557,523,113,121,6122.03,0.623,0.0218,50.6,2.93
Meta,1944,1194,139,27,8,258.76,0.614,0.0067,32.34,2.96
YouTube,1101,298,26,5,28,1544.76,0.271,0.094,55.17,2.88
LinkedIn,8266,4931,444,69,110,5408.79,0.597,0.0223,49.17,2.89
YouTube,4947,3234,269,66,66,3344.41,0.654,0.0204,50.67,2.97
LinkedIn,7768,4865,481,112,102,4761.52,0.626,0.021,46.68,3.17
Google Ads,2680,1605,182,35,23,885.6,0.599,0.0143,38.5,3.09
LinkedIn,1033,675,60,9,15,627.07,0.653,0.0222,41.8,3.04
Google Ads,5520,3632,419,95,72,3236.04,0.658,0.0198,44.95,2.95
YouTube,4901,3061,344,64,51,2683.03,0.625,0.0167,52.61,3.2
LinkedIn,9812,6298,599,143,142,6593.7,0.642,0.0225,46.43,2.87
YouTube,4951,3059,335,58,51,2432.32,0.618,0.0167,47.69,3.18
YouTube,8374,5360,570,134,112,5740.76,0.64,0.0209,51.26,2.95
Meta,3865,2746,304,52,41,2166.14,0.71,0.0149,52.83,3.07
Meta,6525,4562,391,70,89,4524.33,0.699,0.0195,50.84,3.23
Meta,8420,5999,571,86,107,5527.61,0.712,0.0178,51.66,2.98
Meta,3154,2287,238,41,51,2791.81,0.725,0.0223,54.74,3.29
Google Ads,9273,5738,500,103,133,6426.92,0.619,0.0232,48.32,2.92
Meta,5816,4181,447,87,82,4368.68,0.719,0.0196,53.28,3.08
Google Ads,9731,6395,709,135,137,6325.06,0.657,0.0214,46.17,2.88
Meta,9126,6321,693,151,109,5460.65,0.693,0.0172,50.1,3.07
YouTube,5541,3406,276,60,78,3882.92,0.615,0.0229,49.78,3.09
Meta,1294,950,108,18,1,69.0,0.734,0.0011,69.0,3.18
LinkedIn,7792,4964,500,76,110,5212.42,0.637,0.0222,47.39,3.21
LinkedIn,8151,5210,465,110,114,5466.52,0.639,0.0219,47.95,3.17
LinkedIn,9385,5795,625,96,127,5887.52,0.617,0.0219,46.36,2.89
YouTube,7843,4826,572,106,113,5583.17,0.615,0.0234,49.41,3.08
LinkedIn,2388,1533,152,35,18,949.27,0.642,0.0117,52.74,2.9
YouTube,1404,814,83,19,30,1435.69,0.58,0.0369,47.86,3.23
Meta,7503,5253,469,86,83,4227.29,0.7,0.0158,50.93,2.95
LinkedIn,4154,2817,293,63,65,3035.36,0.678,0.0231,46.7,3.17
Google Ads,9597,6064,633,116,114,5235.12,0.632,0.0188,45.92,3.08
LinkedIn,5694,3722,424,104,60,2896.19,0.654,0.0161,48.27,3.09
Google Ads,6858,4304,410,92,93,4554.88,0.628,0.0216,48.98,2.8
YouTube,9538,5972,668,122,133,6601.47,0.626,0.0223,49.64,3.09
LinkedIn,9685,6059,725,134,133,6172.25,0.626,0.022,46.41,2.97
LinkedIn,3004,1953,234,43,29,1392.94,0.65,0.0148,48.03,2.9
YouTube,6613,4255,393,59,83,4054.15,0.643,0.0195,48.85,3.18
YouTube,8673,5331,618,104,110,5322.09,0.615,0.0206,48.38,2.97
LinkedIn,3306,2108,196,37,41,1912.37,0.638,0.0194,46.64,3.04
LinkedIn,6785,4359,489,74,91,4236.31,0.642,0.0209,46.55,3.05
YouTube,6025,3879,372,62,79,4023.88,0.644,0.0204,50.94,2.92
Meta,4102,2949,239,50,63,3331.17,0.719,0.0214,52.88,3.33
Google Ads,7465,4651,441,91,114,5273.07,0.623,0.0245,46.25,3.05
Meta,2502,1937,164,27,45,2103.83,0.774,0.0232,46.75,3.26
LinkedIn,4311,2482,260,49,34,1497.45,0.576,0.0137,44.04,2.89
LinkedIn,6310,4035,332,77,76,3481.37,0.639,0.0188,45.81,2.9
LinkedIn,6447,3860,417,69,81,3874.76,0.599,0.021,47.84,3.22
LinkedIn,1183,821,84,19,15,690.35,0.694,0.0183,46.02,3.21
LinkedIn,3418,2244,221,54,43,2072.06,0.657,0.0192,48.19,2.91
LinkedIn,8705,5552,574,124,101,4686.77,0.638,0.0182,46.4,2.92
Google Ads,3246,1975,173,39,37,1558.45,0.608,0.0187,42.12,2.83
Google Ads,5536,3424,356,74,55,2541.58,0.618,0.0161,46.21,2.87
Google Ads,9106,5673,639,144,115,5492.99,0.623,0.0203,47.77,2.86
Meta,4472,3170,317,54,44,2298.52,0.709,0.0139,52.24,3.04
Google Ads,6082,3883,319,71,89,4319.66,0.638,0.0229,48.54,3.1
Google Ads,9736,5917,489,83,132,6362.38,0.608,0.0223,48.2,2.94
Google Ads,6752,4053,455,77,69,3073.62,0.6,0.017,44.55,2.84
LinkedIn,4595,3095,293,45,37,1922.85,0.674,0.012,51.97,2.82
Google Ads,2955,1970,229,55,33,1610.61,0.667,0.0168,48.81,3.06
Google Ads,4805,3097,325,80,54,2480.78,0.645,0.0174,45.94,3.03
YouTube,1032,502,57,12,6,274.19,0.486,0.012,45.7,3.16
LinkedIn,2673,1650,144,26,35,1629.22,0.617,0.0212,46.55,3.14
Google Ads,6659,4377,476,90,84,3896.53,0.657,0.0192,46.39,3.15
LinkedIn,4618,2897,247,49,48,2174.18,0.627,0.0166,45.3,3.11
YouTube,9389,5971,656,158,144,7077.65,0.636,0.0241,49.15,2.9
Google Ads,2895,1939,223,38,47,2352.68,0.67,0.0242,50.06,3.06
Meta,4668,3434,320,62,58,2912.46,0.736,0.0169,50.21,3.08
LinkedIn,5830,3604,409,75,76,3452.48,0.618,0.0211,45.43,2.85
Meta,8963,6336,755,155,118,6027.3,0.707,0.0186,51.08,2.96
Google Ads,4483,2890,329,73,83,3732.93,0.645,0.0287,44.98,3.01
YouTube,6756,4236,428,98,92,4712.44,0.627,0.0217,51.22,3.22
YouTube,1321,816,81,19,16,869.44,0.618,0.0196,54.34,3.18
Meta,2403,1803,203,32,52,2737.59,0.75,0.0288,52.65,3.13
Meta,1972,1379,110,20,25,1102.37,0.699,0.0181,44.09,3.0
Google Ads,2268,1486,128,19,45,2137.7,0.655,0.0303,47.5,2.97
Meta,2618,1847,197,39,28,1565.72,0.706,0.0152,55.92,3.03
YouTube,7133,4445,382,60,78,3978.56,0.623,0.0175,51.01,2.97
Google Ads,6621,4411,386,81,82,3668.4,0.666,0.0186,44.74,3.0
Meta,4578,3214,286,53,47,2257.05,0.702,0.0146,48.02,3.27
Meta,1518,1055,107,21,1,108.97,0.695,0.0009,108.97,3.05
YouTube,6404,3930,344,55,82,4205.81,0.614,0.0209,51.29,3.22
LinkedIn,3739,2493,261,40,52,2309.85,0.667,0.0209,44.42,3.13
Meta,4765,3360,279,56,54,2802.97,0.705,0.0161,51.91,3.03
Google Ads,1853,1137,102,16,44,1973.06,0.614,0.0387,44.84,2.92
LinkedIn,7181,4632,495,94,98,4583.05,0.645,0.0212,46.77,2.94
Google Ads,3502,2150,189,34,46,2317.22,0.614,0.0214,50.37,3.11
YouTube,9969,6354,647,137,112,5604.6,0.637,0.0176,50.04,3.2
LinkedIn,1780,1074,114,26,3,60.44,0.603,0.0028,20.15,2.91
Meta,4035,2879,256,41,60,2895.44,0.714,0.0208,48.26,3.14
LinkedIn,1580,1021,114,24,18,770.53,0.646,0.0176,42.81,3.03
Meta,8962,6403,595,126,124,6241.59,0.714,0.0194,50.34,3.25
LinkedIn,6240,4148,398,74,75,3521.32,0.665,0.0181,46.95,3.2
Meta,4908,3274,367,65,48,2402.66,0.667,0.0147,50.06,2.96
YouTube,4148,2604,301,69,55,2780.86,0.628,0.0211,50.56,2.87
Google Ads,9307,5878,571,121,114,5218.87,0.632,0.0194,45.78,3.02
Meta,5970,4255,449,92,66,3495.7,0.713,0.0155,52.97,3.33
Meta,3314,2370,260,64,18,948.58,0.715,0.0076,52.7,3.19
Meta,7178,5342,613,103,96,4992.0,0.744,0.018,52.0,3.06
Meta,9831,7042,770,125,125,6364.45,0.716,0.0178,50.92,3.05
Meta,3022,2241,252,43,50,2567.35,0.742,0.0223,51.35,2.96
Meta,5195,3552,310,67,56,2792.3,0.684,0.0158,49.86,3.21
LinkedIn,1298,798,77,12,16,803.58,0.615,0.0201,50.22,2.86
Meta,9842,6893,606,121,114,5906.41,0.7,0.0165,51.81,3.15
LinkedIn,9166,5758,651,126,138,6386.85,0.628,0.024,46.28,3.04
Google Ads,5165,3115,264,60,65,3090.89,0.603,0.0209,47.55,2.85
YouTube,3504,2237,188,28,53,2709.9,0.638,0.0237,51.13,3.23
Meta,3900,2696,262,54,50,2429.44,0.691,0.0185,48.59,3.15
Meta,3157,1991,162,24,25,1418.71,0.631,0.0126,56.75,3.22
Meta,2318,1565,161,34,16,759.89,0.675,0.0102,47.49,2.97
LinkedIn,4586,2920,294,46,61,2872.39,0.637,0.0209,47.09,3.02
LinkedIn,5363,3355,328,50,61,3014.34,0.626,0.0182,49.42,2.82
LinkedIn,6516,4268,371,59,88,4119.39,0.655,0.0206,46.81,2.95
Meta,6549,4682,530,103,82,4260.96,0.715,0.0175,51.96,3.17
Google Ads,2988,1957,176,26,49,2390.56,0.655,0.025,48.79,2.93
Meta,3407,2363,219,49,46,2331.95,0.694,0.0195,50.69,3.12
YouTube,7625,4933,520,83,106,5113.65,0.647,0.0215,48.24,3.24
Google Ads,1702,909,80,16,12,547.12,0.534,0.0132,45.59,2.83
YouTube,4091,2578,255,59,61,3142.41,0.63,0.0237,51.51,3.16
Meta,7624,5231,437,96,81,4221.74,0.686,0.0155,52.12,3.07
Google Ads,4618,2941,346,85,60,2923.44,0.637,0.0204,48.72,3.13
Google Ads,1869,1367,137,27,22,979.31,0.731,0.0161,44.51,3.06
LinkedIn,4417,2917,325,66,72,3237.5,0.66,0.0247,44.97,3.0
LinkedIn,8855,5597,619,93,94,4570.95,0.632,0.0168,48.63,3.04
LinkedIn,2313,1379,144,33,6,218.13,0.596,0.0044,36.35,3.12
Google Ads,8519,5316,599,143,119,5712.79,0.624,0.0224,48.01,2.9
YouTube,1118,651,68,10,20,884.74,0.582,0.0307,44.24,3.05
Google Ads,6509,4127,436,92,89,4379.12,0.634,0.0216,49.2,3.18
LinkedIn,2702,1769,174,43,32,1683.2,0.655,0.0181,52.6,3.22
